<?xml version="1.0" encoding="UTF-8"?>
<root>
    <doclet-version-NOT-library-version>1.00</doclet-version-NOT-library-version>
    <class>
        <name>com.appfireworks.b4a.android.AppFireworksB4A</name>
        <shortname>AppFireworksB4A</shortname>
        <comment>The main object that wraps the AppFireworks Wrapper</comment>
        <owner>activity</owner>		
        <event>onModuleLoaded</event>
        <event>onModuleFailed</event>
        <event>onModuleClosed</event>
        <event>onModuleCached</event>
        <permission>android.permission.INTERNET</permission>
        <permission>android.permission.ACCESS_NETWORK_STATE</permission>
        <permission>android.permission.WRITE_EXTERNAL_STORAGE</permission>
        <permission>android.permission.READ_EXTERNAL_STORAGE</permission>
        <method>
            <name>Initialize</name>
            <comment></comment>
            <returntype>void</returntype>
            <parameter>
                <name>ba</name>
                <type>anywheresoftware.b4a.BA</type>
            </parameter>
            <parameter>
                <name>a</name>
                <type>java.lang.String</type>
            </parameter>
        </method>
        <method>
            <name>startSession</name>
            <comment></comment>
            <returntype>void</returntype>
        </method>
        <method>
            <name>closeSession</name>
            <comment></comment>
            <returntype>void</returntype>
            <parameter>
                <name>sync</name>
                <type>boolean</type>
            </parameter>
        </method>
        <method>
            <name>pause</name>
            <comment></comment>
            <returntype>void</returntype>
        </method>
        <method>
            <name>resume</name>
            <comment></comment>
            <returntype>void</returntype>
        </method>
        <method>
            <name>event</name>
            <comment></comment>
            <returntype>void</returntype>
            <parameter>
                <name>name</name>
                <type>java.lang.String</type>
            </parameter>
        </method>
        <method>
            <name>eventWithValue</name>
            <comment></comment>
            <returntype>void</returntype>
            <parameter>
                <name>name</name>
                <type>java.lang.String</type>
            </parameter>
            <parameter>
                <name>value</name>
                <type>float</type>
            </parameter>
        </method>
        <method>
            <name>transaction</name>
            <comment></comment>
            <returntype>void</returntype>
            <parameter>
                <name>name</name>
                <type>java.lang.String</type>
            </parameter>
            <parameter>
                <name>value</name>
                <type>float</type>
            </parameter>
            <parameter>
                <name>currency</name>
                <type>java.lang.String</type>
            </parameter>
        </method>
        <method>
            <name>loadModule</name>
            <comment></comment>
            <returntype>void</returntype>
            <parameter>
                <name>locationcode</name>
                <type>java.lang.String</type>
            </parameter>
        </method>
        <method>
            <name>loadModuleToCache</name>
            <comment></comment>
            <returntype>void</returntype>
            <parameter>
                <name>locationcode</name>
                <type>java.lang.String</type>
            </parameter>
        </method>
        <method>
            <name>destroyModule</name>
            <comment></comment>
            <returntype>void</returntype>
        </method>
    </class>
    <version>1.1</version>
</root>
